{
    "beverages": [
      {
        "id": 1,
        "item": "Coffee",
        "itemName": "Americano",
        "price": 2.5
      },
      {
        "id": 2,
        "item": "Tea",
        "itemName": "Green Tea",
        "price": 1.5
      },
      {
        "id": 3,
        "item": "Juice",
        "itemName": "Orange Juice",
        "price": 3.0
      },
      {
        "id": 4,
        "item": "Juice",
        "itemName": "Orange Juice",
        "price": 3.0
      },
      {
        "id": 5,
        "item": "Juice",
        "itemName": "Orange Juice",
        "price": 3.0
      },
      {
        "id": 6,
        "item": "Juice",
        "itemName": "Orange Juice",
        "price": 3.0
      },
      {
        "id": 7,
        "item": "Juice",
        "itemName": "Orange Juice",
        "price": 3.0
      },
      {
        "id": 8,
        "item": "Juice",
        "itemName": "Orange Juice",
        "price": 3.0
      },
      {
        "id": 9,
        "item": "Juice",
        "itemName": "Orange Juice",
        "price": 3.0
      },
      {
        "id": 10,
        "item": "Juice",
        "itemName": "Orange Juice",
        "price": 3.0
      },
      {
        "id": 11,
        "item": "Juice",
        "itemName": "Orange Juice",
        "price": 3.0
      },
      {
        "id": 12,
        "item": "Juice",
        "itemName": "Orange Juice",
        "price": 3.0
      }
    ]
  }
  