 {
 "movies":[
  {
    "id": 1,
    "movie": "assets/img/inception.jpg",
    "title": "Inception",
    "language": "English",
    "time": "7:00 PM"
  },
  {
    "id": 2,
    "movie": "assets/img/parasite.jpg",
    "title": "Parasite",
    "language": "Korean",
    "time": "8:00 PM"
  },
  {
    "id": 3,
    "movie": "assets/img/parking.jfif",
    "title": "Parking",
    "language": "Tamil",
    "time": "6:00 PM"
  },
  {
    "id": 4,
    "movie": "assets/img/Amelie.png",
    "title": "Amelie",
    "language": "French",
    "time": "9:00 PM"
  },
  {
    "id": 5,
    "movie": "assets/img/sarkar.jpg",
    "title": "Sarkar",
    "language": "Tamil",
    "time": "2:00 PM"
  },
  {
    "id": 6,
    "movie": "assets/img/theri.jpg",
    "title": "Theri",
    "language": "Tamil",
    "time": "3:00 PM"
  },
  {
    "id": 7,
    "movie": "assets/img/salar.jpg",
    "title": "Salar",
    "language": "Tamil",
    "time": "9:00 AM"
  },
  {
    "id": 8,
    "movie": "assets/img/mankatha.webp",
    "title": "Mangatha",
    "language": "Tamil",
    "time": "11:00 AM"
  },
  {
    "id": 9,
    "movie": "assets/img/outer-bank.jpg",
    "title": "Outer-Bank",
    "language": "English",
    "time": "9:00 PM"
  },
  {
    "id": 10,
    "movie": "assets/img/throuh-window.jpg",
    "title": "Through Window",
    "language": "Korean",
    "time": "4:00 PM"
  },
  {
    "id": 11,
    "movie": "assets/img/witcher.jfif",
    "title": "Witcher",
    "language": "English",
    "time": "10:00 PM"
  },
  {
    "id": 12,
    "movie": "assets/img/don.jpg",
    "title": "Don",
    "language": "Tamil",
    "time": "11:00 PM"
  },
  {
    "id": 13,
    "movie": "assets/img/after.jpg",
    "title": "After",
    "language": "English",
    "time": "9:00 PM"
  },
  {
    "id": 14,
    "movie": "assets/img/kaithi.jpg",
    "title": "Kaidhi",
    "language": "Tamil",
    "time": "12:00 PM"
  },
  {
    "id": 15,
    "movie": "assets/img/joker.jpg",
    "title": "Joker",
    "language": "French",
    "time": "11:00 PM"
  },
  {
    "id": 16,
    "movie": "assets/img/jai-bhim.webp",
    "title": "Jai-Bhim",
    "language": "Tamil",
    "time": "9:00 PM"
  },
  {
    "id": 17,
    "movie": "assets/img/wednesday.jpg",
    "title": "Wednesday",
    "language": "French",
    "time": "9:00 PM"
  },
  {
    "id": 18,
    "movie": "assets/img/remo.webp",
    "title": "Remo",
    "language": "Tamil",
    "time": "9:00 AM"
  },
  {
    "id": 19,
    "movie": "assets/img/animal.jpg",
    "title": "Animal",
    "language": "Telungu",
    "time": "7:00 PM"
  },
  {
    "id": 20,
    "movie": "assets/img/fighter.jpg",
    "title": "Fighter",
    "language": "Hindi",
    "time": "4:00 PM"
  }
]
}